<?xml version="1.0" standalone="yes"?>
<?xml-stylesheet type="application/xml" href="http://www.lcdf.org/click/xml/elementmap.xsl"?>
<?xml-stylesheet type="application/xml" href="file:///afs/csail.mit.edu/u/c/cyjing/blackadder/src/etc/elementmap.xsl"?>
<elementmap xmlns="http://www.lcdf.org/click/xml/" sourcedir="/afs/csail.mit.edu/u/c/cyjing/blackadder/src" src="file:///afs/csail.mit.edu/u/c/cyjing/blackadder/src" provides="blackadder" drivers="userlevel">
<entry name="Forwarder" cxxclass="Forwarder" headerfile="./forwarder.hh" sourcefile="./forwarder.cc" portcount="-/-" processing="h/h" flowcode="x/x" provides="ForwardingEntry" />
<entry name="FromNetlink" cxxclass="FromNetlink" headerfile="./fromnetlink.hh" sourcefile="./fromnetlink.cc" portcount="0/1" processing="h/h" flowcode="x/x" requires="Netlink" />
<entry name="GlobalConf" cxxclass="GlobalConf" headerfile="./globalconf.hh" sourcefile="./globalconf.cc" portcount="0/0" processing="a/a" flowcode="x/x" />
<entry name="LocalProxy" cxxclass="LocalProxy" headerfile="./localproxy.hh" sourcefile="./localproxy.cc" portcount="-/-" processing="h/h" flowcode="x/x" />
<entry name="LocalRV" cxxclass="LocalRV" headerfile="./localrv.hh" sourcefile="./localrv.cc" portcount="-/-" processing="h/h" flowcode="x/x" />
<entry name="Netlink" cxxclass="Netlink" headerfile="./netlink.hh" sourcefile="./netlink.cc" portcount="0/0" processing="a/a" flowcode="x/x" />
<entry name="ToNetlink" cxxclass="ToNetlink" headerfile="./tonetlink.hh" sourcefile="./tonetlink.cc" portcount="1/0" processing="h/h" flowcode="x/x" requires="Netlink" />
<entry headerfile="./activepub.hh" sourcefile="./activepub.cc" provides="ActivePublication ActiveSubscription" />
<entry headerfile="./ba_bitvector.hh" sourcefile="./ba_bitvector.cc" provides="BABitvector Bit" />
<entry headerfile="./informationitem.hh" sourcefile="./informationitem.cc" provides="InformationItem" />
<entry headerfile="./localhost.hh" sourcefile="./localhost.cc" provides="LocalHost" />
<entry headerfile="./common.hh" sourcefile="./common.cc" provides="LocalHostSetItem InformationItemSetItem RemoteHostSetItem StringSetItem ScopeSetItem" />
<entry headerfile="./remotehost.hh" sourcefile="./remotehost.cc" provides="RemoteHost" />
<entry headerfile="./scope.hh" sourcefile="./scope.cc" provides="Scope" />
</elementmap>
